{"distance matrix": [[0.0, 0.8743450314943376, 0.8860345232114524, 0.8860345232114524], [0.8743450314943376, 0.0, 0.8860345232114524, 0.8860345232114524], [0.8860345232114524, 0.8860345232114524, 0.0, 0.8621620024632977], [0.8860345232114524, 0.8860345232114524, 0.8621620024632977, 0.0]], "LM energy": [-0.0, 0.7763040742107894, 0.7492387478259444, -0.003163594682562554], "LM": [1, 73, 184, 256], "PATTERNS": ["[0, 0, 0, 0, 0, 0, 0, 0]", "[0, 1, 0, 0, 1, 0, 0, 0]", "[1, 0, 1, 1, 0, 1, 1, 1]", "[1, 1, 1, 1, 1, 1, 1, 1]"], "distance dictionary": {"(1, 184)": 0.8860345232114524, "(1, 256)": 0.8860345232114524, "(73, 184)": 0.8860345232114524, "(73, 256)": 0.8860345232114524, "(1, 73)": 0.8743450314943376, "(184, 256)": 0.8621620024632977}}