{"distance matrix": [[0.0, 0.6766470645046956, 0.6766470645046956, 0.6766470645046956], [0.6766470645046956, 0.0, 0.6693062652681201, 0.6693062652681201], [0.6766470645046956, 0.6693062652681201, 0.0, 0.5679264684052931], [0.6766470645046956, 0.6693062652681201, 0.5679264684052931, 0.0]], "LM energy": [-0.0, 0.57097136539059, 0.5191832259279519, -0.018410432880168415], "LM": [1, 73, 184, 256], "PATTERNS": ["[0, 0, 0, 0, 0, 0, 0, 0]", "[0, 1, 0, 0, 1, 0, 0, 0]", "[1, 0, 1, 1, 0, 1, 1, 1]", "[1, 1, 1, 1, 1, 1, 1, 1]"], "distance dictionary": {"(1, 73)": 0.6766470645046956, "(1, 184)": 0.6766470645046956, "(1, 256)": 0.6766470645046956, "(73, 184)": 0.6693062652681201, "(73, 256)": 0.6693062652681201, "(184, 256)": 0.5679264684052931}}