{"distance matrix": [[0.0, 0.8201761429178469, 0.8201761429178469, 0.8471526645444509, 0.8378472475385346], [0.8201761429178469, 0.0, 0.8074334075091942, 0.8471526645444509, 0.8378472475385346], [0.8201761429178469, 0.8074334075091942, 0.0, 0.8471526645444509, 0.8378472475385346], [0.8471526645444509, 0.8471526645444509, 0.8471526645444509, 0.0, 0.8471526645444509], [0.8378472475385346, 0.8378472475385346, 0.8378472475385346, 0.8471526645444509, 0.0]], "LM energy": [-0.0, 0.6358853846611265, 0.7997369070500628, 0.5693153796980819, 0.011480306926506145], "LM": [1, 73, 121, 184, 256], "PATTERNS": ["[0, 0, 0, 0, 0, 0, 0, 0]", "[0, 1, 0, 0, 1, 0, 0, 0]", "[0, 1, 1, 1, 1, 0, 0, 0]", "[1, 0, 1, 1, 0, 1, 1, 1]", "[1, 1, 1, 1, 1, 1, 1, 1]"], "distance dictionary": {"(1, 184)": 0.8471526645444509, "(73, 184)": 0.8471526645444509, "(121, 184)": 0.8471526645444509, "(184, 256)": 0.8471526645444509, "(1, 256)": 0.8378472475385346, "(73, 256)": 0.8378472475385346, "(121, 256)": 0.8378472475385346, "(1, 73)": 0.8201761429178469, "(1, 121)": 0.8201761429178469, "(73, 121)": 0.8074334075091942}}