{"distance matrix": [[0.0, 0.8458452908821638, 0.8458452908821638, 0.8458452908821638], [0.8458452908821638, 0.0, 0.8322851160798646, 0.8272141729472975], [0.8458452908821638, 0.8322851160798646, 0.0, 0.8322851160798646], [0.8458452908821638, 0.8272141729472975, 0.8322851160798646, 0.0]], "LM energy": [-0.0, 0.7259037743374777, 0.7531280983126463, 0.01216803224664087], "LM": [1, 73, 184, 256], "PATTERNS": ["[0, 0, 0, 0, 0, 0, 0, 0]", "[0, 1, 0, 0, 1, 0, 0, 0]", "[1, 0, 1, 1, 0, 1, 1, 1]", "[1, 1, 1, 1, 1, 1, 1, 1]"], "distance dictionary": {"(1, 73)": 0.8458452908821638, "(1, 184)": 0.8458452908821638, "(1, 256)": 0.8458452908821638, "(73, 184)": 0.8322851160798646, "(184, 256)": 0.8322851160798646, "(73, 256)": 0.8272141729472975}}