{"distance matrix": [[0.0, 0.5590647705888641, 0.3193936142654745, 0.33303934871787744, 0.5590647705888641], [0.5590647705888641, 0.0, 0.5590647705888641, 0.5590647705888641, 0.4124004168276705], [0.3193936142654745, 0.5590647705888641, 0.0, 0.33303934871787744, 0.5590647705888641], [0.33303934871787744, 0.5590647705888641, 0.33303934871787744, 0.0, 0.5590647705888641], [0.5590647705888641, 0.4124004168276705, 0.5590647705888641, 0.5590647705888641, 0.0]], "LM energy": [-0.0, 0.16383857964154291, 0.2991172962918527, 0.12982936600539885, 0.03468019455025928], "LM": [1, 89, 133, 168, 256], "PATTERNS": ["[0, 0, 0, 0, 0, 0, 0, 0]", "[0, 1, 0, 1, 1, 0, 0, 0]", "[1, 0, 0, 0, 0, 1, 0, 0]", "[1, 0, 1, 0, 0, 1, 1, 1]", "[1, 1, 1, 1, 1, 1, 1, 1]"], "distance dictionary": {"(1, 89)": 0.5590647705888641, "(1, 256)": 0.5590647705888641, "(89, 133)": 0.5590647705888641, "(89, 168)": 0.5590647705888641, "(133, 256)": 0.5590647705888641, "(168, 256)": 0.5590647705888641, "(89, 256)": 0.4124004168276705, "(1, 168)": 0.33303934871787744, "(133, 168)": 0.33303934871787744, "(1, 133)": 0.3193936142654745}}