{"distance matrix": [[0.0, 0.7397357185510542, 0.7397357185510542, 0.7397357185510542], [0.7397357185510542, 0.0, 0.7339259801291442, 0.7339259801291442], [0.7397357185510542, 0.7339259801291442, 0.0, 0.6838600543071447], [0.7397357185510542, 0.7339259801291442, 0.6838600543071447, 0.0]], "LM energy": [-0.0, 0.5986961103522701, 0.5415517505047336, -0.005977177478272644], "LM": [1, 73, 184, 256], "PATTERNS": ["[0, 0, 0, 0, 0, 0, 0, 0]", "[0, 1, 0, 0, 1, 0, 0, 0]", "[1, 0, 1, 1, 0, 1, 1, 1]", "[1, 1, 1, 1, 1, 1, 1, 1]"], "distance dictionary": {"(1, 73)": 0.7397357185510542, "(1, 184)": 0.7397357185510542, "(1, 256)": 0.7397357185510542, "(73, 184)": 0.7339259801291442, "(73, 256)": 0.7339259801291442, "(184, 256)": 0.6838600543071447}}