{"distance matrix": [[0.0, 0.019870254361230293, 0.7332559960872223, 0.7332559960872223, 0.7332559960872223], [0.019870254361230293, 0.0, 0.7332559960872223, 0.7332559960872223, 0.7332559960872223], [0.7332559960872223, 0.7332559960872223, 0.0, -0.020336807101374532, 0.11113192096880198], [0.7332559960872223, 0.7332559960872223, -0.020336807101374532, 0.0, 0.11113192096880198], [0.7332559960872223, 0.7332559960872223, 0.11113192096880198, 0.11113192096880198, 0.0]], "LM energy": [-0.0, -0.12375532641222378, -0.047315618113645375, -0.06347459524118904, 0.10611409659214033], "LM": [1, 6, 105, 123, 256], "PATTERNS": ["[0, 0, 0, 0, 0, 0, 0, 0]", "[0, 0, 0, 0, 0, 1, 0, 1]", "[0, 1, 1, 0, 1, 0, 0, 0]", "[0, 1, 1, 1, 1, 0, 1, 0]", "[1, 1, 1, 1, 1, 1, 1, 1]"], "distance dictionary": {"(1, 105)": 0.7332559960872223, "(1, 123)": 0.7332559960872223, "(1, 256)": 0.7332559960872223, "(6, 105)": 0.7332559960872223, "(6, 123)": 0.7332559960872223, "(6, 256)": 0.7332559960872223, "(105, 256)": 0.11113192096880198, "(123, 256)": 0.11113192096880198, "(1, 6)": 0.019870254361230293, "(105, 123)": -0.020336807101374532}}