{"distance matrix": [[0.0, 0.8166194809318832, 0.8166194809318832, 0.8166194809318832, 0.8166194809318832], [0.8166194809318832, 0.0, 0.7699705918281579, 0.800849501018873, 0.7699705918281579], [0.8166194809318832, 0.7699705918281579, 0.0, 0.800849501018873, 0.7008917964726145], [0.8166194809318832, 0.800849501018873, 0.800849501018873, 0.0, 0.800849501018873], [0.8166194809318832, 0.7699705918281579, 0.7008917964726145, 0.800849501018873, 0.0]], "LM energy": [-0.0, 0.6592008778246025, 0.622035025589267, 0.7536411792704332, 0.030533838303798078], "LM": [1, 73, 121, 184, 256], "PATTERNS": ["[0, 0, 0, 0, 0, 0, 0, 0]", "[0, 1, 0, 0, 1, 0, 0, 0]", "[0, 1, 1, 1, 1, 0, 0, 0]", "[1, 0, 1, 1, 0, 1, 1, 1]", "[1, 1, 1, 1, 1, 1, 1, 1]"], "distance dictionary": {"(1, 73)": 0.8166194809318832, "(1, 121)": 0.8166194809318832, "(1, 184)": 0.8166194809318832, "(1, 256)": 0.8166194809318832, "(73, 184)": 0.800849501018873, "(121, 184)": 0.800849501018873, "(184, 256)": 0.800849501018873, "(73, 121)": 0.7699705918281579, "(73, 256)": 0.7699705918281579, "(121, 256)": 0.7008917964726145}}