{"distance matrix": [[0.0, 0.698393255362618, 0.14097913887242441, 0.698393255362618], [0.698393255362618, 0.0, 0.698393255362618, 0.2072546354130722], [0.14097913887242441, 0.698393255362618, 0.0, 0.698393255362618], [0.698393255362618, 0.2072546354130722, 0.698393255362618, 0.0]], "LM energy": [-0.0, 0.15090223572361072, 0.09321235280022888, 0.061628486254418746], "LM": [1, 121, 136, 256], "PATTERNS": ["[0, 0, 0, 0, 0, 0, 0, 0]", "[0, 1, 1, 1, 1, 0, 0, 0]", "[1, 0, 0, 0, 0, 1, 1, 1]", "[1, 1, 1, 1, 1, 1, 1, 1]"], "distance dictionary": {"(1, 121)": 0.698393255362618, "(1, 256)": 0.698393255362618, "(121, 136)": 0.698393255362618, "(136, 256)": 0.698393255362618, "(121, 256)": 0.2072546354130722, "(1, 136)": 0.14097913887242441}}